Conversion_Type,Proportion
AG,0.0032089271502647484
TC,0.01717855283706403
AT,0.000769858958436123
CG,0.0014512500620950516
AC,0.0012911323968370092
CT,0.0022537546807841246
GT,0.0009158731831863486
GC,0.0003496012086715154
CA,0.0014814105157082739
GA,0.00288757715236054
TA,0.0009952346330179844
TG,0.0014570005578476545
