{"tissue_hires_scalef": 0.6837606837606838, "tissue_lowres_scalef": 0.20512820512820512, "fiducial_diameter_fullres": 55.0, "spot_diameter_fullres": 25.0}